t_s,dt_s
0.0,600.0
600.0,600.0
1200.0,600.0
1800.0,36.12714640983054
1836.1271464098306,28.901717127864412
1865.028863537695,23.12137370229152
1888.1502372399866,18.497098961833217
1906.6473362018198,14.797679169466573
1921.4450153712864,59.19071667786625
1980.6357320491527,2838.992784279556
4819.628516328708,12.0
4831.628516328708,48.0
4879.628516328708,600.0
5479.628516328708,600.0
6079.628516328708,600.0
6679.628516328708,600.0
7279.628516328708,600.0
7879.628516328708,600.0
8479.628516328708,70.88361065215285
8550.51212698086,56.70688852172243
8607.219015502584,45.365510817377796
8652.58452631996,36.292408653902385
8688.876934973863,29.033926923121907
8717.910861896986,23.22714153849738
8741.138003435482,18.58171323079805
8759.71971666628,14.865370584638367
8774.58508725092,59.46148233855274
8834.046569589473,2832.139373442016
11666.185943031489,12.0
11678.185943031489,48.0
11726.185943031489,600.0
12326.185943031489,600.0
12926.185943031489,600.0
13526.185943031489,600.0
14126.185943031489,600.0
14726.185943031489,600.0
15326.185943031489,70.88361065215322
15397.069553683643,56.70688852172243
15453.776442205366,45.365510817377796
15499.141953022743,36.292408653902385
15535.434361676645,29.033926923121907
15564.468288599768,23.22714153849738
15587.695430138265,18.58171323079805
15606.277143369063,14.865370584638367
15621.142513953702,59.46148233855274
15680.603996292255,2838.992784279555
18519.59678057181,12.0
18531.59678057181,48.0
18579.59678057181,600.0
19179.59678057181,600.0
19779.59678057181,600.0
20379.59678057181,173.78232121161273
