t_s,buf_bytes
600.0,0
1200.0,0
1800.0,0
2400.0,0
3000.0,0
3600.0,0
4200.0,0
4800.0,0
5400.0,0
6000.0,0
6600.0,0
7200.0,0
7800.0,0
8400.0,0
9000.0,0
9600.0,0
10200.0,0
10800.0,0
11400.0,0
12000.0,0
12600.0,0
13200.0,0
13800.0,0
14400.0,0
15000.0,0
15600.0,0
16200.0,0
16800.0,0
17400.0,0
18000.0,0
18600.0,0
19200.0,0
19800.0,0
20400.0,0
21000.0,0
21600.0,0
22200.0,0
22800.0,0
23400.0,0
24000.0,0
24600.0,0
25200.0,0
25800.0,0
26400.0,0
27000.0,0
27600.0,0
28200.0,0
28800.0,0
29400.0,0
30000.0,0
30600.0,0
31200.0,0
31800.0,0
32400.0,0
33000.0,0
33600.0,0
34200.0,0
34800.0,0
35400.0,0
36000.0,0
36600.0,0
37200.0,0
37800.0,0
38400.0,0
39000.0,0
39600.0,0
40200.0,0
40800.0,0
41400.0,0
42000.0,0
42600.0,0
43200.0,0
43800.0,0
44400.0,0
45000.0,0
45600.0,0
46200.0,0
46800.0,0
47400.0,0
48000.0,0
48600.0,0
49200.0,0
49800.0,0
50400.0,0
51000.0,0
51600.0,0
52200.0,0
52800.0,0
53400.0,0
54000.0,0
54600.0,0
55200.0,0
55800.0,0
56400.0,0
57000.0,0
57600.0,0
58200.0,0
58800.0,0
59400.0,0
60000.0,0
60600.0,0
61200.0,0
61800.0,0
62400.0,0
63000.0,0
63600.0,0
64200.0,0
64800.0,0
65400.0,0
66000.0,0
66600.0,0
67200.0,0
67800.0,0
68400.0,0
69000.0,0
69600.0,0
70200.0,0
70800.0,1024
74400.0,2048
78000.0,3072
81600.0,4096
85200.0,5120
88800.0,6144
92400.0,7168
96000.0,8192
99600.0,9216
103200.0,10240
106800.0,11264
110400.0,12288
114000.0,13312
117600.0,14336
121080.964704941,15360
121092.964704941,16384
121140.964704941,0
121740.964704941,0
122340.964704941,0
122940.964704941,0
123540.964704941,0
124140.964704941,0
124740.964704941,0
125340.964704941,0
125940.964704941,0
126540.964704941,0
127140.964704941,0
127740.964704941,0
128340.964704941,0
128940.964704941,0
129540.964704941,0
130140.964704941,0
130740.964704941,0
131340.964704941,0
131940.964704941,0
132540.964704941,0
133140.964704941,0
133740.964704941,0
134340.964704941,0
134940.964704941,0
135540.964704941,0
136140.964704941,0
136740.964704941,0
137340.964704941,0
137940.964704941,0
138540.964704941,0
139140.964704941,0
139740.964704941,0
140340.964704941,0
140940.964704941,0
141540.964704941,0
142140.964704941,0
142740.964704941,0
143340.964704941,0
143940.964704941,0
144540.964704941,0
145140.964704941,0
145740.964704941,0
146340.964704941,0
146940.964704941,0
147540.964704941,0
148140.964704941,0
148740.964704941,0
149340.964704941,0
149940.964704941,0
150540.964704941,0
151140.964704941,0
151740.964704941,0
152340.964704941,0
152940.964704941,0
153540.964704941,0
154140.964704941,0
154740.964704941,0
155340.964704941,0
155940.964704941,0
156540.964704941,0
157140.964704941,0
157740.964704941,0
158340.964704941,0
158940.964704941,0
159540.964704941,0
160140.964704941,0
160740.964704941,0
161340.964704941,0
161940.964704941,0
162540.964704941,0
163140.964704941,0
163740.964704941,0
164340.964704941,0
164940.964704941,0
165540.964704941,0
166140.964704941,0
166740.964704941,0
167340.964704941,0
167940.964704941,0
168540.964704941,0
169140.964704941,0
169740.964704941,0
170340.964704941,0
170940.964704941,0
171540.964704941,0
172140.964704941,0
172740.964704941,0
173340.964704941,0
173940.964704941,0
174540.964704941,0
175140.964704941,0
175740.964704941,0
176340.964704941,0
176940.964704941,0
177540.964704941,0
178140.964704941,0
178740.964704941,0
179340.964704941,0
179940.964704941,0
180540.964704941,0
181140.964704941,0
181740.964704941,0
182340.964704941,0
182940.964704941,0
183540.964704941,0
184140.964704941,0
184740.964704941,0
185340.964704941,0
185940.964704941,0
186540.964704941,0
187140.964704941,0
187740.964704941,0
188340.964704941,0
188940.964704941,0
189540.964704941,0
190140.964704941,0
190740.964704941,0
191340.964704941,0
191940.964704941,0
192540.964704941,0
193140.964704941,0
193740.964704941,0
194340.964704941,0
194940.964704941,0
195540.964704941,0
196140.964704941,0
196740.964704941,0
197340.964704941,0
197940.964704941,0
198540.964704941,0
199140.964704941,0
199740.964704941,0
200340.964704941,0
200940.964704941,0
201540.964704941,0
202140.964704941,0
202740.964704941,0
203340.964704941,0
203940.964704941,0
204540.964704941,0
205140.964704941,0
205740.964704941,0
206340.964704941,0
206940.964704941,0
207540.964704941,0
208140.964704941,0
208740.964704941,0
209340.964704941,0
209940.964704941,0
210540.964704941,0
211140.964704941,0
211740.964704941,0
212340.964704941,0
212940.964704941,0
213540.964704941,0
214140.964704941,0
214740.964704941,0
215340.964704941,0
215940.964704941,0
216540.964704941,0
217140.964704941,0
217740.964704941,0
218340.964704941,0
218940.964704941,0
219540.964704941,0
220140.964704941,0
220740.964704941,0
221340.964704941,0
221940.964704941,0
222540.964704941,0
223140.964704941,0
223740.964704941,0
224340.964704941,0
224940.964704941,0
225540.964704941,0
226140.964704941,0
226740.964704941,0
227340.964704941,0
227940.964704941,0
228540.964704941,0
229140.964704941,0
229740.964704941,0
230340.964704941,0
230940.964704941,0
231540.964704941,0
232140.964704941,0
232740.964704941,0
233340.964704941,0
233940.964704941,0
234540.964704941,0
235140.964704941,0
235740.964704941,0
236340.964704941,0
236940.964704941,0
237540.964704941,0
238140.964704941,0
238740.964704941,0
239340.964704941,0
239940.964704941,0
240540.964704941,0
241140.964704941,0
241740.964704941,0
242340.964704941,0
242940.964704941,0
243540.964704941,0
244140.964704941,0
244740.964704941,0
245340.964704941,0
245940.964704941,0
246540.964704941,0
247140.964704941,0
247740.964704941,0
248340.964704941,0
248940.964704941,0
249540.964704941,0
250140.964704941,0
250740.964704941,0
251340.964704941,0
251940.964704941,0
252540.964704941,0
253140.964704941,0
253740.964704941,0
254340.964704941,0
254940.964704941,0
255540.964704941,0
256140.964704941,0
256740.964704941,0
257340.964704941,0
257940.964704941,0
258540.964704941,0
259140.964704941,0
259740.964704941,0
260340.964704941,0
260940.964704941,0
261540.964704941,0
262140.964704941,0
262740.964704941,0
263340.964704941,0
263940.964704941,0
264540.964704941,0
265140.964704941,0
265740.964704941,0
266340.964704941,0
266940.964704941,0
267540.964704941,0
268140.964704941,0
268740.964704941,0
269340.964704941,0
269940.964704941,0
270540.964704941,0
271140.964704941,0
271740.964704941,0
272340.964704941,0
272940.964704941,0
273540.964704941,0
274140.964704941,0
274740.964704941,0
275340.964704941,0
275940.964704941,0
276540.964704941,0
277140.964704941,0
277740.964704941,0
278340.964704941,0
278940.964704941,0
279540.964704941,0
280140.964704941,0
280740.964704941,0
281340.964704941,0
281940.964704941,0
282540.964704941,0
283140.964704941,0
283740.964704941,0
284340.964704941,0
284940.964704941,0
285540.964704941,0
286140.964704941,0
286740.964704941,0
287340.964704941,0
287940.964704941,0
288540.964704941,0
289140.964704941,0
289740.964704941,0
290340.964704941,0
290940.964704941,0
291540.964704941,0
292140.964704941,0
292740.964704941,0
293340.964704941,0
293940.964704941,0
294540.964704941,0
295140.964704941,0
295740.964704941,0
296340.964704941,0
296940.964704941,0
297540.964704941,0
298140.964704941,0
298740.964704941,0
299340.964704941,0
299940.964704941,0
300540.964704941,0
301140.964704941,0
301740.964704941,0
302340.964704941,0
302940.964704941,0
303540.964704941,0
304140.964704941,0
304740.964704941,0
305340.964704941,0
305940.964704941,0
306540.964704941,0
307140.964704941,0
307740.964704941,0
308340.964704941,0
308940.964704941,0
309540.964704941,0
310140.964704941,0
310740.964704941,0
311340.964704941,0
311940.964704941,0
312540.964704941,0
313140.964704941,0
313740.964704941,0
314340.964704941,0
314940.964704941,0
315540.964704941,0
316140.964704941,0
316740.964704941,0
317340.964704941,0
317940.964704941,0
318540.964704941,0
319140.964704941,0
319740.964704941,0
320340.964704941,0
320940.964704941,0
321540.964704941,0
322140.964704941,0
322740.964704941,0
323340.964704941,0
323940.964704941,0
324540.964704941,0
325140.964704941,0
325740.964704941,0
326340.964704941,0
326940.964704941,0
327540.964704941,0
328140.964704941,0
328740.964704941,0
329340.964704941,0
329940.964704941,0
330540.964704941,0
331140.964704941,0
331740.964704941,0
332340.964704941,0
332940.964704941,0
333540.964704941,0
334140.964704941,0
334740.964704941,0
335340.964704941,0
335940.964704941,0
336540.964704941,0
337140.964704941,0
337740.964704941,0
338340.964704941,0
338940.964704941,0
339540.964704941,0
340140.964704941,0
340740.964704941,0
341340.964704941,0
341940.964704941,0
342540.964704941,0
343140.964704941,0
343740.964704941,0
344340.964704941,0
344940.964704941,0
345540.964704941,0
346140.964704941,0
346740.964704941,0
347340.964704941,0
347940.964704941,0
348540.964704941,0
349140.964704941,0
349740.964704941,0
350340.964704941,0
350940.964704941,0
351540.964704941,0
352140.964704941,0
352740.964704941,0
353340.964704941,0
353940.964704941,0
354540.964704941,0
355140.964704941,0
355740.964704941,0
356340.964704941,0
356940.964704941,0
357540.964704941,0
358140.964704941,0
358740.964704941,0
359340.964704941,0
359940.964704941,0
360540.964704941,0
361140.964704941,0
361740.964704941,0
362340.964704941,0
362940.964704941,0
363540.964704941,0
364140.964704941,0
364740.964704941,0
365340.964704941,0
365940.964704941,0
366540.964704941,0
367140.964704941,0
367740.964704941,0
368340.964704941,0
368940.964704941,0
369540.964704941,0
370140.964704941,0
370740.964704941,0
371340.964704941,0
371940.964704941,0
372540.964704941,0
373140.964704941,0
373740.964704941,1024
377340.964704941,2048
380940.964704941,3072
384540.964704941,4096
388140.964704941,5120
391740.964704941,6144
395340.964704941,7168
398940.964704941,8192
402540.964704941,9216
406140.964704941,10240
409740.964704941,11264
413340.964704941,12288
416940.964704941,13312
416990.31262252457,14336
417029.7909565914,15360
417061.3736238448,16384
417086.6397576476,17408
417106.85266468977,18432
417123.02299032354,19456
417135.9592508306,20480
417187.7042928586,0
417787.7042928586,1024
421387.7042928586,2048
424987.7042928586,3072
428587.7042928586,4096
432187.7042928586,5120
435787.7042928586,6144
439387.7042928586,7168
442987.7042928586,8192
446587.7042928586,9216
450187.7042928586,10240
453787.7042928586,11264
457387.7042928586,12288
458415.4488177636,13312
458427.4488177636,14336
458475.4488177636,0
459075.4488177636,0
459675.4488177636,0
460275.4488177636,0
460875.4488177636,0
461475.4488177636,0
462075.4488177636,0
462675.4488177636,0
463275.4488177636,0
463875.4488177636,0
464475.4488177636,0
465075.4488177636,0
465675.4488177636,0
466275.4488177636,0
466875.4488177636,0
467475.4488177636,0
468075.4488177636,0
468675.4488177636,0
469275.4488177636,0
469875.4488177636,0
470475.4488177636,0
471075.4488177636,0
471675.4488177636,0
472275.4488177636,0
472875.4488177636,0
473475.4488177636,0
474075.4488177636,0
474675.4488177636,0
475275.4488177636,0
475875.4488177636,0
476475.4488177636,0
477075.4488177636,0
477675.4488177636,0
478275.4488177636,0
478875.4488177636,0
479475.4488177636,0
480075.4488177636,0
480675.4488177636,0
481275.4488177636,0
481875.4488177636,0
482475.4488177636,0
483075.4488177636,0
483675.4488177636,0
484275.4488177636,0
484875.4488177636,0
485475.4488177636,0
486075.4488177636,0
486675.4488177636,0
487275.4488177636,0
487875.4488177636,0
488475.4488177636,0
489075.4488177636,0
489675.4488177636,0
490275.4488177636,0
490875.4488177636,0
491475.4488177636,0
492075.4488177636,0
492675.4488177636,0
493275.4488177636,0
493875.4488177636,0
494475.4488177636,0
495075.4488177636,0
495675.4488177636,0
496275.4488177636,0
496875.4488177636,0
497475.4488177636,0
498075.4488177636,0
498675.4488177636,0
499275.4488177636,0
499875.4488177636,0
500475.4488177636,0
501075.4488177636,0
501675.4488177636,0
502275.4488177636,0
502875.4488177636,0
503475.4488177636,0
504075.4488177636,0
504675.4488177636,0
505275.4488177636,0
505875.4488177636,0
506475.4488177636,0
507075.4488177636,0
507675.4488177636,0
508275.4488177636,0
508875.4488177636,0
509475.4488177636,0
510075.4488177636,0
510675.4488177636,0
511275.4488177636,0
511875.4488177636,0
512475.4488177636,0
513075.4488177636,0
513675.4488177636,0
514275.4488177636,0
514875.4488177636,0
515475.4488177636,0
516075.4488177636,0
516675.4488177636,0
517275.4488177636,0
517875.4488177636,0
518475.4488177636,0
519075.4488177636,0
519675.4488177636,0
520275.4488177636,0
520875.4488177636,0
521475.4488177636,0
522075.4488177636,0
522675.4488177636,0
523275.4488177636,0
523875.4488177636,0
524475.4488177636,0
525075.4488177636,0
525675.4488177636,0
526275.4488177636,0
526875.4488177636,0
527475.4488177636,0
528075.4488177636,0
528675.4488177636,0
529275.4488177636,0
529875.4488177636,0
530475.4488177636,0
531075.4488177636,0
531675.4488177636,0
532275.4488177636,0
532875.4488177636,0
533475.4488177636,0
534075.4488177636,0
534675.4488177636,0
535275.4488177636,0
535875.4488177636,0
536475.4488177636,0
537075.4488177636,0
537675.4488177636,0
538275.4488177636,0
538875.4488177636,0
539475.4488177636,0
540075.4488177636,0
540675.4488177636,0
541275.4488177636,0
541875.4488177636,0
542475.4488177636,0
543075.4488177636,0
543675.4488177636,0
544275.4488177636,0
544875.4488177636,0
545475.4488177636,0
546075.4488177636,0
546675.4488177636,0
547275.4488177636,0
547875.4488177636,0
548475.4488177636,0
549075.4488177636,0
549675.4488177636,0
550275.4488177636,0
550875.4488177636,0
551475.4488177636,0
552075.4488177636,0
552675.4488177636,0
553275.4488177636,0
553875.4488177636,0
554475.4488177636,0
555075.4488177636,0
555675.4488177636,0
556275.4488177636,0
556875.4488177636,0
557475.4488177636,0
558075.4488177636,0
558675.4488177636,0
559275.4488177636,0
559875.4488177636,0
560475.4488177636,0
561075.4488177636,0
561675.4488177636,0
562275.4488177636,0
562875.4488177636,0
563475.4488177636,0
564075.4488177636,0
564675.4488177636,0
565275.4488177636,0
565875.4488177636,0
566475.4488177636,0
567075.4488177636,0
567675.4488177636,0
568275.4488177636,0
568875.4488177636,0
569475.4488177636,0
570075.4488177636,0
570675.4488177636,0
571275.4488177636,0
571875.4488177636,0
572475.4488177636,0
573075.4488177636,0
573675.4488177636,0
574275.4488177636,0
574875.4488177636,0
575475.4488177636,0
576075.4488177636,0
576675.4488177636,0
577275.4488177636,0
577875.4488177636,0
578475.4488177636,0
579075.4488177636,0
579675.4488177636,0
580275.4488177636,0
580875.4488177636,0
581475.4488177636,0
582075.4488177636,0
582675.4488177636,0
583275.4488177636,0
583875.4488177636,0
584475.4488177636,0
585075.4488177636,0
585675.4488177636,0
586275.4488177636,0
586875.4488177636,0
587475.4488177636,0
588075.4488177636,0
588675.4488177636,0
589275.4488177636,0
589875.4488177636,0
590475.4488177636,0
591075.4488177636,0
591675.4488177636,0
592275.4488177636,0
592875.4488177636,0
593475.4488177636,0
594075.4488177636,0
594675.4488177636,0
595275.4488177636,0
595875.4488177636,0
596475.4488177636,0
597075.4488177636,0
597675.4488177636,0
598275.4488177636,0
598875.4488177636,0
599475.4488177636,0
600075.4488177636,0
600675.4488177636,0
601275.4488177636,0
601875.4488177636,0
602475.4488177636,0
603075.4488177636,0
603675.4488177636,0
604275.4488177636,0
604875.4488177636,0
605475.4488177636,0
606075.4488177636,0
606675.4488177636,0
607275.4488177636,0
607875.4488177636,0
608475.4488177636,0
609075.4488177636,0
609675.4488177636,0
610275.4488177636,0
610875.4488177636,0
611475.4488177636,0
612075.4488177636,0
612675.4488177636,0
613275.4488177636,0
613875.4488177636,0
614475.4488177636,0
615075.4488177636,0
615675.4488177636,0
616275.4488177636,0
616875.4488177636,0
617475.4488177636,0
618075.4488177636,0
618675.4488177636,0
619275.4488177636,0
619875.4488177636,0
620475.4488177636,0
621075.4488177636,0
621675.4488177636,0
622275.4488177636,0
622875.4488177636,0
623475.4488177636,0
624075.4488177636,0
624675.4488177636,0
625275.4488177636,0
625875.4488177636,0
626475.4488177636,0
627075.4488177636,0
627675.4488177636,0
628275.4488177636,0
628875.4488177636,0
629475.4488177636,0
630075.4488177636,0
630675.4488177636,0
631275.4488177636,0
631875.4488177636,0
632475.4488177636,0
633075.4488177636,0
633675.4488177636,0
634275.4488177636,0
634875.4488177636,0
635475.4488177636,0
636075.4488177636,0
636675.4488177636,0
637275.4488177636,0
637875.4488177636,0
638475.4488177636,0
639075.4488177636,0
639675.4488177636,0
640275.4488177636,0
640875.4488177636,0
641475.4488177636,0
642075.4488177636,0
642675.4488177636,0
643275.4488177636,0
643875.4488177636,0
644475.4488177636,0
645075.4488177636,0
645675.4488177636,0
646275.4488177636,0
646875.4488177636,0
647475.4488177636,0
648075.4488177636,0
648675.4488177636,0
649275.4488177636,0
649875.4488177636,0
650475.4488177636,0
651075.4488177636,0
651675.4488177636,0
652275.4488177636,0
652875.4488177636,0
653475.4488177636,1024
657075.4488177636,2048
660675.4488177636,3072
664275.4488177636,4096
667875.4488177636,5120
671475.4488177636,6144
675075.4488177636,7168
678675.4488177636,8192
682275.4488177636,9216
685724.8994438888,10240
685736.8994438888,11264
685784.8994438888,0
686384.8994438888,0
686984.8994438888,0
687584.8994438888,0
688184.8994438888,0
688784.8994438888,0
689384.8994438888,0
689984.8994438888,0
690584.8994438888,0
691184.8994438888,0
691784.8994438888,0
692384.8994438888,0
692984.8994438888,0
693584.8994438888,0
694184.8994438888,0
694784.8994438888,0
695384.8994438888,0
695984.8994438888,0
696584.8994438888,0
697184.8994438888,0
697784.8994438888,0
698384.8994438888,0
698984.8994438888,0
699584.8994438888,0
700184.8994438888,0
700784.8994438888,0
701384.8994438888,0
701984.8994438888,0
702584.8994438888,0
703184.8994438888,0
703784.8994438888,0
704384.8994438888,0
704984.8994438888,0
705584.8994438888,0
706184.8994438888,0
706784.8994438888,0
707384.8994438888,0
707984.8994438888,0
708584.8994438888,0
709184.8994438888,0
709784.8994438888,0
710384.8994438888,0
710984.8994438888,0
711584.8994438888,0
712184.8994438888,0
712784.8994438888,0
713384.8994438888,0
713984.8994438888,0
714584.8994438888,0
715184.8994438888,0
715784.8994438888,0
716384.8994438888,0
716984.8994438888,0
717584.8994438888,0
718184.8994438888,0
718784.8994438888,0
719384.8994438888,0
719984.8994438888,0
720584.8994438888,0
721184.8994438888,0
721784.8994438888,0
722384.8994438888,0
722984.8994438888,0
723584.8994438888,0
724184.8994438888,0
724784.8994438888,0
725384.8994438888,0
725984.8994438888,0
726584.8994438888,0
727184.8994438888,0
727784.8994438888,0
728384.8994438888,0
728984.8994438888,0
729584.8994438888,0
730184.8994438888,0
730784.8994438888,0
731384.8994438888,0
731984.8994438888,0
732584.8994438888,0
733184.8994438888,0
733784.8994438888,0
734384.8994438888,0
734984.8994438888,0
735584.8994438888,0
736184.8994438888,0
736784.8994438888,0
737384.8994438888,0
737984.8994438888,0
738584.8994438888,0
739184.8994438888,0
739784.8994438888,0
740384.8994438888,0
740984.8994438888,0
741584.8994438888,0
742184.8994438888,0
742784.8994438888,0
743384.8994438888,0
743984.8994438888,0
744584.8994438888,0
745184.8994438888,0
745784.8994438888,0
746384.8994438888,0
746984.8994438888,0
747584.8994438888,0
748184.8994438888,0
748784.8994438888,0
749384.8994438888,0
749984.8994438888,0
750584.8994438888,0
751184.8994438888,0
751784.8994438888,0
752384.8994438888,0
752984.8994438888,0
753584.8994438888,0
754184.8994438888,0
754784.8994438888,0
755384.8994438888,0
755984.8994438888,0
756584.8994438888,0
757184.8994438888,0
757784.8994438888,0
758384.8994438888,0
758984.8994438888,0
759584.8994438888,0
760184.8994438888,0
760784.8994438888,0
761384.8994438888,0
761984.8994438888,0
762584.8994438888,0
763184.8994438888,0
763784.8994438888,1024
767384.8994438888,2048
770984.8994438888,3072
774584.8994438888,4096
778184.8994438888,5120
781784.8994438888,6144
785384.8994438888,7168
788984.8994438888,8192
792584.8994438888,9216
796184.8994438888,10240
799784.8994438888,11264
803384.8994438888,12288
806984.8994438888,13312
810584.8994438888,14336
814184.8994438888,15360
817784.8994438888,16384
821157.7757151431,17408
821169.7757151431,18432
821217.7757151431,0
821817.7757151431,0
822417.7757151431,0
823017.7757151431,0
823617.7757151431,0
824217.7757151431,0
824817.7757151431,0
825417.7757151431,0
826017.7757151431,0
826617.7757151431,0
827217.7757151431,0
827817.7757151431,0
828417.7757151431,0
829017.7757151431,0
829617.7757151431,0
830217.7757151431,0
830817.7757151431,0
831417.7757151431,0
832017.7757151431,0
832617.7757151431,0
833217.7757151431,0
833817.7757151431,0
834417.7757151431,0
835017.7757151431,0
835617.7757151431,0
836217.7757151431,0
836817.7757151431,0
837417.7757151431,0
838017.7757151431,0
838617.7757151431,0
839217.7757151431,0
839817.7757151431,0
840417.7757151431,0
841017.7757151431,0
841617.7757151431,0
842217.7757151431,0
842817.7757151431,0
843417.7757151431,0
844017.7757151431,0
844617.7757151431,0
845217.7757151431,0
845817.7757151431,0
846417.7757151431,0
847017.7757151431,0
847617.7757151431,0
848217.7757151431,0
848817.7757151431,0
849417.7757151431,0
850017.7757151431,0
850617.7757151431,0
851217.7757151431,0
851817.7757151431,0
852417.7757151431,0
853017.7757151431,0
853617.7757151431,0
854217.7757151431,0
854817.7757151431,0
855417.7757151431,0
856017.7757151431,0
856617.7757151431,0
857217.7757151431,0
857817.7757151431,0
858417.7757151431,0
859017.7757151431,0
859617.7757151431,0
860217.7757151431,0
860817.7757151431,0
861417.7757151431,0
862017.7757151431,0
862617.7757151431,0
863217.7757151431,0
863817.7757151431,0
864417.7757151431,0
865017.7757151431,0
865617.7757151431,0
866217.7757151431,0
866817.7757151431,0
867417.7757151431,0
868017.7757151431,0
868617.7757151431,0
869217.7757151431,0
869817.7757151431,0
870417.7757151431,0
871017.7757151431,0
871617.7757151431,0
872217.7757151431,0
872817.7757151431,0
873417.7757151431,0
874017.7757151431,0
874617.7757151431,0
875217.7757151431,0
875817.7757151431,0
876417.7757151431,0
877017.7757151431,0
877617.7757151431,0
878217.7757151431,0
878817.7757151431,0
879417.7757151431,0
880017.7757151431,0
880617.7757151431,0
881217.7757151431,0
881817.7757151431,0
882417.7757151431,0
883017.7757151431,0
883617.7757151431,0
884217.7757151431,0
884817.7757151431,0
885417.7757151431,0
886017.7757151431,0
886617.7757151431,0
887217.7757151431,0
887817.7757151431,1024
891417.7757151431,2048
895017.7757151431,3072
898617.7757151431,4096
902217.7757151431,5120
905817.7757151431,6144
909417.7757151431,7168
913017.7757151431,8192
916617.7757151431,9216
920217.7757151431,10240
923817.7757151431,11264
927417.7757151431,12288
931017.7757151431,13312
932317.0878975795,14336
932329.0878975795,15360
932377.0878975795,0
932977.0878975795,0
933577.0878975795,0
934177.0878975795,0
934777.0878975795,0
935377.0878975795,0
935977.0878975795,0
936577.0878975795,0
937177.0878975795,0
937777.0878975795,0
938377.0878975795,0
938977.0878975795,0
939577.0878975795,0
940177.0878975795,0
940777.0878975795,0
941377.0878975795,0
941977.0878975795,0
942577.0878975795,0
943177.0878975795,0
943777.0878975795,0
944377.0878975795,0
944977.0878975795,0
945577.0878975795,0
946177.0878975795,0
946777.0878975795,0
947377.0878975795,0
947977.0878975795,0
948577.0878975795,0
949177.0878975795,0
949777.0878975795,0
950377.0878975795,0
950977.0878975795,0
951577.0878975795,0
952177.0878975795,0
952777.0878975795,0
953377.0878975795,0
953977.0878975795,0
954577.0878975795,0
955177.0878975795,0
955777.0878975795,0
956377.0878975795,0
956977.0878975795,0
957577.0878975795,0
958177.0878975795,0
958777.0878975795,0
959377.0878975795,0
959977.0878975795,0
960577.0878975795,0
961177.0878975795,0
961777.0878975795,0
962377.0878975795,0
962977.0878975795,0
963577.0878975795,0
964177.0878975795,0
964777.0878975795,0
965377.0878975795,0
965977.0878975795,0
966577.0878975795,0
967177.0878975795,0
967777.0878975795,0
968377.0878975795,0
968977.0878975795,0
969577.0878975795,0
970177.0878975795,0
970777.0878975795,0
971377.0878975795,0
971977.0878975795,0
972577.0878975795,0
973177.0878975795,0
973777.0878975795,0
974377.0878975795,0
974977.0878975795,0
975577.0878975795,0
976177.0878975795,0
976777.0878975795,0
977377.0878975795,0
977977.0878975795,0
978577.0878975795,0
979177.0878975795,0
979777.0878975795,0
980377.0878975795,0
980977.0878975795,0
981577.0878975795,0
982177.0878975795,0
982777.0878975795,0
983377.0878975795,0
983977.0878975795,0
984577.0878975795,0
985177.0878975795,0
985777.0878975795,0
986377.0878975795,0
986977.0878975795,0
987577.0878975795,0
988177.0878975795,0
988777.0878975795,0
989377.0878975795,0
989977.0878975795,0
990577.0878975795,0
991177.0878975795,0
991777.0878975795,0
992377.0878975795,0
992977.0878975795,0
993577.0878975795,0
994177.0878975795,0
994777.0878975795,0
995377.0878975795,0
995977.0878975795,0
996577.0878975795,0
997177.0878975795,0
997777.0878975795,0
998377.0878975795,0
998977.0878975795,0
999577.0878975795,0
1000177.0878975795,0
1000777.0878975795,0
1001377.0878975795,0
1001977.0878975795,0
1002577.0878975795,0
1003177.0878975795,0
1003777.0878975795,0
1004377.0878975795,0
1004977.0878975795,0
1005577.0878975795,0
1006177.0878975795,0
1006777.0878975795,0
1007377.0878975795,0
1007977.0878975795,0
1008577.0878975795,0
1009177.0878975795,0
1009777.0878975795,0
1010377.0878975795,0
1010977.0878975795,0
1011577.0878975795,0
1012177.0878975795,0
1012777.0878975795,0
1013377.0878975795,0
1013977.0878975795,0
1014577.0878975795,0
1015177.0878975795,0
1015777.0878975795,0
1016377.0878975795,0
1016977.0878975795,0
1017577.0878975795,0
1018177.0878975795,0
1018777.0878975795,0
1019377.0878975795,0
1019977.0878975795,0
1020577.0878975795,0
1021177.0878975795,0
1021777.0878975795,0
1022377.0878975795,0
1022977.0878975795,0
1023577.0878975795,0
1024177.0878975795,0
1024777.0878975795,0
1025377.0878975795,0
1025977.0878975795,0
1026577.0878975795,0
1027177.0878975795,0
1027777.0878975795,0
1028377.0878975795,0
1028977.0878975795,0
1029577.0878975795,0
1030177.0878975795,0
1030777.0878975795,0
1031377.0878975795,0
1031977.0878975795,0
1032577.0878975795,0
1033177.0878975795,0
1033777.0878975795,0
1034377.0878975795,0
1034977.0878975795,0
1035577.0878975795,0
1036177.0878975795,0
1036777.0878975795,0
1037377.0878975795,0
1037977.0878975795,0
1038577.0878975795,0
1039177.0878975795,0
1039777.0878975795,0
1040377.0878975795,0
1040977.0878975795,0
1041577.0878975795,0
1042177.0878975795,0
1042777.0878975795,0
1043377.0878975795,0
1043977.0878975795,0
1044577.0878975795,0
1045177.0878975795,0
1045777.0878975795,0
1046377.0878975795,0
1046977.0878975795,0
1047577.0878975795,0
1048177.0878975795,0
1048777.0878975797,0
1049377.0878975797,0
1049977.0878975797,0
1050577.0878975797,0
1051177.0878975797,0
1051777.0878975797,0
1052377.0878975797,0
1052977.0878975797,0
1053577.0878975797,0
1054177.0878975797,0
1054777.0878975797,0
1055377.0878975797,0
1055977.0878975797,0
1056577.0878975797,0
1057177.0878975797,0
1057777.0878975797,0
1058377.0878975797,0
1058977.0878975797,0
1059577.0878975797,0
1060177.0878975797,0
1060777.0878975797,0
1061377.0878975797,0
1061977.0878975797,0
1062577.0878975797,0
1063177.0878975797,0
1063777.0878975797,0
1064377.0878975797,0
1064977.0878975797,0
1065577.0878975797,0
1066177.0878975797,0
1066777.0878975797,0
1067377.0878975797,0
1067977.0878975797,0
1068577.0878975797,0
1069177.0878975797,0
1069777.0878975797,0
1070377.0878975797,0
1070977.0878975797,0
1071577.0878975797,0
1072177.0878975797,0
1072777.0878975797,0
1073377.0878975797,0
1073977.0878975797,0
1074577.0878975797,0
1075177.0878975797,0
1075777.0878975797,0
1076377.0878975797,0
1076977.0878975797,0
1077577.0878975797,0
1078177.0878975797,0
1078777.0878975797,0
1079377.0878975797,0
1079977.0878975797,0
1080577.0878975797,0
1081177.0878975797,0
1081777.0878975797,0
1082377.0878975797,0
1082977.0878975797,0
1083577.0878975797,0
1084177.0878975797,0
1084777.0878975797,0
1085377.0878975797,0
1085977.0878975797,0
1086577.0878975797,0
1087177.0878975797,0
1087777.0878975797,0
1088377.0878975797,0
1088977.0878975797,0
1089577.0878975797,0
1090177.0878975797,0
1090777.0878975797,0
1091377.0878975797,0
1091977.0878975797,0
1092577.0878975797,0
1093177.0878975797,0
1093777.0878975797,0
1094377.0878975797,0
1094977.0878975797,0
1095577.0878975797,0
1096177.0878975797,0
1096777.0878975797,0
1097377.0878975797,0
1097977.0878975797,0
1098577.0878975797,0
1099177.0878975797,0
1099777.0878975797,0
1100377.0878975797,0
1100977.0878975797,0
1101577.0878975797,0
1102177.0878975797,0
1102777.0878975797,0
1103377.0878975797,0
1103977.0878975797,0
1104577.0878975797,0
1105177.0878975797,0
1105777.0878975797,0
1106377.0878975797,0
1106977.0878975797,0
1107577.0878975797,0
1108177.0878975797,0
1108777.0878975797,0
1109377.0878975797,0
1109977.0878975797,0
1110577.0878975797,0
1111177.0878975797,0
1111777.0878975797,0
1112377.0878975797,0
1112977.0878975797,0
1113577.0878975797,0
1114177.0878975797,0
1114777.0878975797,0
1115377.0878975797,0
1115977.0878975797,0
1116577.0878975797,0
1117177.0878975797,0
1117777.0878975797,0
1118377.0878975797,0
1118977.0878975797,0
1119577.0878975797,0
1120177.0878975797,0
1120777.0878975797,0
1121377.0878975797,0
1121977.0878975797,0
1122577.0878975797,0
1123177.0878975797,0
1123777.0878975797,0
1124377.0878975797,0
1124977.0878975797,0
1125577.0878975797,0
1126177.0878975797,0
1126777.0878975797,0
1127377.0878975797,0
1127977.0878975797,0
1128577.0878975797,0
1129177.0878975797,0
1129777.0878975797,0
1130377.0878975797,0
1130977.0878975797,0
1131577.0878975797,0
1132177.0878975797,0
1132777.0878975797,0
1133377.0878975797,0
1133977.0878975797,0
1134051.84,0
