t_s,pos_err_m,cum_err_m
60.0,2852.0700824815863,2852.0700824815863
120.0,5706.825207865273,4279.447645173429
180.0,8567.600884456357,5708.832058267739
240.0,11437.665285822002,7141.040365156305
300.0,14317.103313496535,8576.25295482435
360.0,17210.559176183524,10015.303991717545
420.0,20121.11363013829,11458.99108292051
480.0,23051.46110424241,12908.049835585747
540.0,25999.089033917848,14362.609746511536
600.0,28969.26395358995,15823.275167219377
660.0,31964.830116060843,17290.689253477693
720.0,34987.53858073155,18765.426697415514
780.0,38032.49827960869,20247.509126814988
840.0,41104.40913080486,21737.28769852855
900.0,44205.99147552306,23235.20128366152
960.0,47337.85172998571,24741.61693655678
1020.0,50493.11728939973,26256.41107495931
1080.0,53674.98390513783,27779.665121080336
1140.0,56886.28552467829,29311.592510743387
1200.0,60126.46792006187,30852.336281209307
1260.0,63387.21710438875,32401.61632040833
1320.0,66669.56767230252,33959.25047276716
1380.0,69976.79901309381,35525.23084408571
1440.0,73307.33928829682,37099.48536259451
1500.0,76652.06125390457,38681.58839824691
1560.0,80009.45014532338,40271.12154236524
1620.0,83383.61117006675,41867.88041746529
1680.0,86772.21225855543,43471.606554647085
1740.0,90165.97096953169,45081.75705171207
1800.0,93560.6691822591,46697.72078939697
1860.0,96961.62124189839,48319.13693302605
1920.0,100366.06002914222,49945.60327977967
1980.0,103765.18622363238,51576.49973262369
2040.0,107152.11678676805,53211.07670480441
2100.0,110533.7224804844,54848.86658410955
2160.0,113907.15282029328,56489.37453511466
2220.0,117264.6708374752,58131.95011085413
2280.0,120596.91814563338,59775.76505913779
2340.0,123912.60060951477,61420.299304019245
2400.0,127209.12701877105,63065.01999688804
2460.0,130480.31099783693,64709.295387155085
2520.0,133714.6206217221,66352.27932131143
2580.0,136922.77832488608,67993.4537167434
2640.0,140102.7540520533,69632.30145163681
2700.0,143250.28139039493,71268.256561387
2760.0,146352.03197381977,72900.5125486138
2820.0,149420.80273743896,74528.6038292271
2880.0,152455.35665876945,76152.07784650924
2940.0,155453.57245831555,77770.47569572978
3000.0,158400.74214774318,79383.08102477004
3060.0,161311.6483256467,80989.52352086567
3120.0,164185.98269930686,82589.45542814338
3180.0,167023.66626943715,84182.55374590364
3240.0,169809.52170786762,85768.23833779187
3300.0,172559.57766953515,87346.26268927811
3360.0,175274.63637870172,88916.41221944639
3420.0,177955.55310992667,90478.50241050744
3480.0,180590.0471783224,92032.14973409046
3540.0,183192.00693559006,93577.23205953962
3600.0,185764.2276470871,95113.68198599873
3660.0,188308.3619555484,96641.4636248438
3720.0,190814.90047327423,98160.39002562493
3780.0,193295.49845819292,99670.47111185617
3840.0,195754.5598197162,101171.78499791649
3900.0,198194.28457826914,102664.43883761422
3960.0,200607.62696559235,104148.42653652297
4020.0,203003.93103729148,105623.88182757923
4080.0,205388.69289811896,107091.01140214597
4140.0,207764.33083760273,108550.04501715259
4200.0,210125.81679002312,110001.12747105074
4260.0,212480.14666001833,111444.493938501
4320.0,214833.32311154917,112880.44989923776
4380.0,217187.62835033544,114309.31535747198
4440.0,219539.53447949456,115731.34534560742
4500.0,221893.72945231927,117146.84380036358
4560.0,224256.14762144326,118556.1767453778
4620.0,226628.62005133156,119959.71497013044
4680.0,229008.60834194405,121357.77770566652
4740.0,231398.64306984819,122750.70005204856
4800.0,233804.1076060439,124138.8676464735
4860.0,236226.16553875856,125522.66144761282
4920.0,238662.83715451678,126902.41968794091
4980.0,241114.77214894924,128278.47212723017
5040.0,243586.47605069866,129651.18645965241
5100.0,246078.36474486723,131020.91796889025
5160.0,248588.7160541379,132387.98538848615
5220.0,251116.68807403083,133752.6831205039
5280.0,253665.76804753538,135115.33181285652
5340.0,256235.6848253785,136476.23465569384
5400.0,258824.8185085891,137835.66336517048
5460.0,261431.29464907857,139193.8571155431
5520.0,264057.62139778305,140551.07194469788
5580.0,266703.01502660016,141907.54445095488
5640.0,269365.9324434826,143263.48474874772
5700.0,272043.9321983659,144619.06840611214
5760.0,274738.7254761502,145974.48150059168
5820.0,277449.25605965155,147329.8915475923
5880.0,280174.12436416285,148685.44494367976
5940.0,282910.7260589324,150041.25586403583
6000.0,285660.2482567592,151397.44578796308
6060.0,288421.61383137864,152754.120719086
6120.0,291193.6806799505,154111.37130693762
6180.0,293973.9666009396,155469.26058163666
6240.0,296763.44522117806,156827.858510863
6300.0,299561.23427483,158187.22399432937
6360.0,302366.5375931664,159547.40619809198
6420.0,305177.2196883902,160908.43249239383
6480.0,307994.24805232964,162270.33819202287
6540.0,310817.1143936787,163633.15265258853
6600.0,313645.3871507963,164996.90023893586
6660.0,316477.4699335353,166361.59005600432
6720.0,319314.35366724693,167727.2397311047
6780.0,322156.04425445973,169093.86631980696
6840.0,325002.51314376615,170461.48602878905
6900.0,327852.54976276774,171830.10397430192
6960.0,330707.32248703035,173199.73516837714
7020.0,333567.34475959785,174570.39849821664
7080.0,336432.94373613613,175942.11498328377
7140.0,339303.121570405,177314.89655124277
7200.0,342179.19607983896,178688.76571398106
7260.0,345062.1468311161,180063.7523347838
7320.0,347952.5379422488,181439.88992173027
7380.0,350849.4042481784,182817.20304633555
7440.0,353754.03469503846,184195.72588221217
7500.0,356667.81217565766,185575.50257255975
7560.0,359591.3717428532,186956.5808993081
7620.0,362523.6135044953,188338.9984788765
7680.0,365465.51310558943,189722.79937439773
7740.0,368418.79204668204,191108.03962767124
7800.0,371383.9739143647,192494.77758372272
7860.0,374359.6927237886,193883.05937868505
7920.0,377346.27227088885,195272.932203626
7980.0,380345.72811872215,196664.45698494252
8040.0,383358.3070510055,198057.6946720027
8100.0,386382.30478949327,199452.6917839841
8160.0,389417.0545960095,200849.48856936663
8220.0,392464.86194376706,202248.1409297637
8280.0,395525.5792198033,203648.70207679298
8340.0,398597.1686860511,205051.20903081642
8400.0,401677.68349247065,206455.68384839967
8460.0,404769.7686806129,207862.1667195501
8520.0,407872.8347683007,209270.69255087932
8580.0,410984.6002516513,210681.2793180176
8640.0,414101.6357296381,212093.9206819872
8700.0,417227.0318072162,213508.63179319564
8760.0,420359.7894463994,214925.420544245
8820.0,423497.55251524405,216344.27858486402
8880.0,426635.31587040925,217765.1639719285
8940.0,429776.767710683,219188.06064131611
9000.0,432920.6065210291,220612.9442805142
9060.0,436064.630970456,222039.77664269926
9120.0,439202.28065067163,223468.47732696222
9180.0,442338.01724320295,224898.99719569582
9240.0,445470.39998063183,226331.27903196163
9300.0,448597.64166933886,227765.255565106
9360.0,451711.7489819941,229200.81001008605
9420.0,454818.1264468011,230637.86298102053
9480.0,457915.38501274586,232076.32831033523
9540.0,461002.1726188496,233516.1134946655
9600.0,464069.9578303024,234957.07502176324
9660.0,467124.5231716308,236399.10886120342
9720.0,470164.94886899047,237842.10787359715
9780.0,473190.16239665024,239285.96096883065
9840.0,476192.4346631543,240730.51263769847
9900.0,479176.8934443468,242175.64221834482
9960.0,482143.60268294084,243621.2323416255
10020.0,485091.90675501816,245067.16452374164
10080.0,488015.13118719606,246513.28337292885
10140.0,490917.7293986299,247959.46352692708
10200.0,493800.8356606748,249405.58924536087
10260.0,496664.28432052676,250851.5465265022
10320.0,499502.6027414457,252297.1922021705
10380.0,502319.5443421064,253742.40811049382
10440.0,505117.29638656776,255187.09137644828
10500.0,507896.18203240866,256631.14332305378
10560.0,510651.9638055816,258074.44343943175
10620.0,513387.6586486028,259516.8909829864
10680.0,516106.3891896355,260958.4050178552
10740.0,518808.89517469937,262398.9105494577
10800.0,521492.10092326056,263838.31716264546
10860.0,524158.2427923322,265276.5487959587
10920.0,526811.1794784559,266713.5522612471
10980.0,529451.9395222109,268149.28115338355
11040.0,532078.450633836,269583.6788136034
11100.0,534692.1267739488,271016.6974512269
11160.0,537297.3123803025,272448.313660523
11220.0,539895.1661913528,273878.5107328804
11280.0,542484.4080632058,275307.265505914
11340.0,545065.6036368543,276734.5583002576
11400.0,547643.3192685313,278160.3938843011
11460.0,550218.6836511937,279584.7828359603
11520.0,552790.9816479682,281007.73178810615
11580.0,555359.9335147024,282429.2457866896
11640.0,557930.0881974892,283849.35322179674
11700.0,560502.4101562664,285268.08684710175
11760.0,563076.5413707711,286685.4769212021
11820.0,565651.3964234119,288101.5475785737
11880.0,568231.3239629051,289516.34442899964
11940.0,570817.0368440263,290929.91574766807
12000.0,573408.3729108998,292342.3080334842
12060.0,576003.5170807564,293753.55782973935
12120.0,578606.5120787331,295163.7209695858
12180.0,581217.7886139053,296572.85430773516
12240.0,583837.2814467715,297981.0132642991
12300.0,586462.547999877,299388.2402630092
12360.0,589097.3038795944,300794.59494075965
12420.0,591741.7220095313,302200.13661742036
12480.0,594395.800193246,303604.9234615349
12540.0,597056.5781390786,305008.99836429826
12600.0,599727.5015444009,306412.4198080131
12660.0,602408.552449333,307815.2450811947
12720.0,605099.6839553976,309217.5301702239
12780.0,607797.9031232443,310619.31595873577
12840.0,610506.1137937342,312020.6561355348
12900.0,613224.3277891512,313421.6034455516
12960.0,615952.42149664,314822.209084677
13020.0,618687.708067867,316222.51092330925
13080.0,621432.4236633971,317622.556394594
13140.0,624186.79694623,319022.3931094417
13200.0,626950.7165166402,320422.06730674714
13260.0,629721.7796507707,321821.6135164486
13320.0,632501.7457643825,323221.0735716194
13380.0,635291.1294720521,324620.4908626527
13440.0,638089.8983458573,326019.90786034556
13500.0,640895.9115882588,327419.35676580295
13560.0,643710.5653093015,328818.8753876768
13620.0,646534.7212173543,330218.5046644596
13680.0,649368.4575345914,331618.28515950404
13740.0,652209.8642260479,333018.2483868689
13800.0,655059.9997346855,334418.42991446814
13860.0,657920.1168751217,335818.870117761
13920.0,660790.3955821004,337219.609451659
13980.0,663669.1132912369,338620.68028358853
14040.0,666556.9295830763,340022.11724640685
14100.0,669455.5123033279,341423.96148069156
14160.0,672365.0957794907,342826.25442263565
14220.0,675284.0922244674,344229.03010956326
14280.0,678212.6259688567,345632.3225291401
14340.0,681152.7868053325,347036.17384410324
14400.0,684104.787094937,348440.6263993151
14460.0,687067.1196836043,349845.7155830673
14520.0,690039.1827572549,351251.4737118862
14580.0,693023.4859937616,352657.9428982314
14640.0,696020.1292716146,354065.1649735322
14700.0,699027.6421187585,355473.17508432904
14760.0,702044.4783601463,356882.00152040954
14820.0,705073.5676240282,358291.68397427036
14880.0,708114.8106892746,359702.2610981212
14940.0,711166.7530796604,361113.76508198277
15000.0,714226.6890715425,362526.216777941
15060.0,717297.9821039455,363939.6501059331
15120.0,720380.2693832287,365354.0970078271
15180.0,723472.126731719,366769.5832913207
15240.0,726569.5063423533,368186.11842144286
15300.0,729676.2425194383,369603.7267512389
15360.0,732791.6817497653,371022.42970045196
15420.0,735914.4869455845,372442.24315276765
15480.0,739039.1432373981,373863.16137014993
15540.0,742170.0205065587,375285.1955753098
15600.0,745306.1938351404,376708.3532609246
15660.0,748446.513376738,378132.63739929936
15720.0,751583.9464927363,379558.0240752285
15780.0,754723.4886422586,380984.5087313769
15840.0,757864.010294898,382412.0826009357
15900.0,761004.3432011512,383840.7326409365
15960.0,764136.993024405,385270.4178303481
16020.0,767266.6600775201,386701.11536685436
16080.0,770392.4588397626,388132.7994842906
16140.0,773513.1536073594,389565.44020593766
16200.0,776621.514883769,390998.98122326296
16260.0,779721.4318185953,392433.3814099616
16320.0,782812.6007902967,393868.5991282717
16380.0,785893.8527830202,395304.5890683989
16440.0,788958.4640122063,396741.28204264643
16500.0,792009.5229263625,398178.62110040535
16560.0,795047.4674012612,399616.55170294474
16620.0,798071.3278625224,401055.0165988277
16680.0,801075.1044719154,402493.93777822726
16740.0,804061.1176218565,403933.2466665557
16800.0,807030.6679001441,405372.8803138185
16860.0,809983.0953061864,406812.77431735006
16920.0,812913.2942953863,408252.84708322963
16980.0,815822.8570232433,409693.0237967986
17040.0,818714.0106347902,411133.2385391859
17100.0,821586.4747999869,412573.42533308343
17160.0,824436.1420246052,414013.5047620748
17220.0,827263.9102876977,415453.4016454393
17280.0,830072.9290180721,416893.0527821498
17340.0,832863.317302931,418332.3962580003
17400.0,835631.9938375076,419771.3603875848
17460.0,838379.1824671883,421209.875240092
17520.0,841108.8821689918,422647.8855377937
17580.0,843821.579493641,424085.3384181891
17640.0,846515.1739255391,425522.17459338414
17700.0,849189.2188548929,426958.33406545705
17760.0,851848.4319430883,428393.7735853139
17820.0,854493.5912186384,429828.45310596476
17880.0,857123.470618002,431262.3290036562
17940.0,859736.9436118666,432695.35447057325
18000.0,862339.2768428657,434127.5008784809
18060.0,864931.434719914,435558.74318360194
18120.0,867512.9189951029,436989.0550240374
18180.0,870081.9076243496,438418.4043725533
18240.0,872644.0325428662,439846.7781494293
18300.0,875200.3293054424,441274.16684174415
18360.0,877750.865333822,442700.56128126074
18420.0,880293.1094312753,444125.9441742576
18480.0,882832.8872112611,445550.3173659361
18540.0,885371.1991270388,446973.68591532484
18600.0,887908.5251059578,448396.05636432685
18660.0,890441.6193688075,449817.4247341162
18720.0,892976.3645308134,451237.8059514133
18780.0,895513.6442342966,452657.2175753202
18840.0,898054.2268573886,454075.6793883205
18900.0,900594.1568903557,455493.19836451736
18960.0,903139.2883557292,456909.7999151225
19020.0,905690.3401728193,458325.5113985853
19080.0,908247.9896240178,459740.36195904267
19140.0,910808.4758560272,461154.3685856789
19200.0,913376.7047238246,462567.56338611065
19260.0,915953.5156003984,463979.98068272835
19320.0,918539.4112322982,465391.65593288234
19380.0,921130.9797719751,466802.61359182687
19440.0,923732.0651944659,468212.88967702026
19500.0,926343.6932893834,469622.52291890443
19560.0,928966.216250041,471031.552653049
19620.0,931596.5198253257,472440.0082101508
19680.0,934237.5133350022,473847.92743309244
19740.0,936890.4306883372,475255.3514551449
19800.0,939555.5143388762,476662.32164570165
19860.0,942229.9215916194,478068.8702860217
19920.0,944915.7374941317,479475.03554869664
19980.0,947614.4498487767,480880.8596156639
20040.0,950326.2357987046,482286.38469405624
20100.0,953048.5142341392,483691.64478223555
20160.0,955782.6216810063,485096.6774515771
20220.0,958530.3574797715,486501.52516679425
20280.0,961291.8690767287,487906.2303262911
20340.0,964064.8336841326,489310.8279763142
20400.0,966849.8673462172,490715.3545626963
20460.0,969649.1394285959,492119.8524655288
20520.0,972462.7850531158,493524.36396432295
20553.379101783423,974034.275231328,494304.7217418299
