Profile,Engine,WallTime_s,Steps,Speedup,PosError_m,EventError_ms
Mars,Fixed,0.136,343,1.0,494304.72,30095.6544
Mars,EventDriven,0.0104,13,13.044,563297.9,0.0
Mars,Adaptive,0.0263,52,5.177,526647.94,0.0
Elliptical,Fixed,0.422,1077,1.0,33898524.56,0.0
Elliptical,EventDriven,0.1019,216,4.14,33993671.08,0.0
Elliptical,Adaptive,0.0603,108,6.997,34112043.84,0.0
Cislunar,Fixed,7.5009,18901,1.0,94286818.36,32686.5213
Cislunar,EventDriven,0.4312,685,17.393,101558864.8,0.0
Cislunar,Adaptive,0.7746,1537,9.683,94371194.77,0.0
